모델,비교한 방법 쌍 수,Top-3 단어 겹침도,절대 score 순위 상관,XAI 방법 간 일관성
CNN,87,0.7218390804597701,0.7961406409682271,0.7589898607139987
FNN,87,0.8448275862068966,0.8846739467429122,0.8647507664749043
Transformer,87,0.6126436781609196,0.5425767718871167,0.5776102250240182
