모델,XAI 방법,사례 수,상위 3개 집중도 계산 사례 수,예측 확신도,예측 방향-설명 정합도,핵심 단어 집중도,유효 단어 커버리지,상위 3개 단어 집중도,평균 절대 score,평균 단어 수
FNN,Integrated Gradients 100 steps,30,29,0.9092333333333333,0.7957827852370571,0.37850908562340574,0.8756313131313131,0.7524344978115053,0.13954838173400674,7.233333333333333
FNN,Integrated Gradients 50 steps,30,29,0.9092333333333333,0.7960824584068092,0.3791125377470288,0.8868350168350169,0.7530594331051766,0.14176021646945647,7.233333333333333
FNN,LIME,30,29,0.9092333333333333,0.7905050785512578,0.3804558162345519,0.8547414622414622,0.7606853377473929,0.09241729728715728,7.233333333333333
FNN,Occlusion,30,29,0.9092333333333333,0.8651585737328724,0.5072099078842631,0.8195719095719096,0.8225129666097273,0.07454004661375661,7.233333333333333
Transformer,Integrated Gradients 100 steps,30,30,0.9714090486367544,0.9259348966941224,0.416440746376927,0.8647522847522847,0.7709616705583875,0.14463323782149246,7.433333333333334
Transformer,Integrated Gradients 50 steps,30,30,0.9714090486367544,0.8947718524702312,0.40674024988996943,0.8543422318422318,0.7702576069260225,0.1446332376949559,7.433333333333334
Transformer,Occlusion,30,30,0.9714090486367544,0.869946052293614,0.5340770689308365,0.6988852813852814,0.8528835079128186,0.14463323713323714,7.433333333333334
