모델,비교한 방법 쌍 수,Top-3 단어 겹침도,절대 score 순위 상관,XAI 방법 간 일관성
FNN,84,0.8511904761904762,0.8952071737786023,0.8731988249845393
Transformer,84,0.65,0.5845289631003916,0.6172644815501958
