모델,사례 수,상위 3개 집중도 계산 사례 수,예측 확신도,예측 방향-설명 정합도,핵심 단어 집중도,유효 단어 커버리지,상위 3개 단어 집중도,평균 절대 score,평균 단어 수
FNN,84,84,0.9046071428571428,0.8158667509306072,0.41350685367639806,0.8586644506287363,0.780423394970202,0.11576373624424517,7.25
Transformer,84,84,0.9706795364618301,0.8950578668718154,0.4603945650418463,0.8145021645021645,0.8031978143411175,0.14774917603463622,7.25
