Model,Source Method(s),Case Count,Top-3 Eligible Case Count,Attribution Sign Agreement,Max Attribution Share,Attribution Coverage,Top-3 Attribution Mass,Mean Absolute Score,Mean Word Count
CNN,"Integrated Gradients 100 steps, Integrated Gradients 50 steps, Unigram Occlusion",90,87,0.8609381434787275,0.5074312639607951,0.7860205226871894,0.8156401164473068,0.15734367484367484,7.233333333333333
FNN,"Integrated Gradients 100 steps, Integrated Gradients 50 steps, Occlusion",90,87,0.8190079391255796,0.42161051041823255,0.8606794131794132,0.7760022991754698,0.11861621493907328,7.233333333333333
Transformer,"Integrated Gradients 100 steps, Integrated Gradients 50 steps, Occlusion",90,87,0.8619554551686835,0.4381573657009124,0.8598725348725349,0.775407877458273,0.1573436736790446,7.233333333333333
